id,dict_type_id,dict_label,dict_value,remark,sort,creator,create_date,updater,update_date
101001,101,面包板新版接线（WiFi）,bread-compact-wifi,面包板新版接线（WiFi）,1,1,2025-09-25 18:53:42,1,2025-09-25 18:53:42
101002,101,面包板新版接线（WiFi）+ LCD,bread-compact-wifi-lcd,面包板新版接线（WiFi）+ LCD,2,1,2025-09-25 18:53:42,1,2025-09-25 18:53:42
101003,101,面包板新版接线（ML307 AT）,bread-compact-ml307,面包板新版接线（ML307 AT）,3,1,2025-09-25 18:53:42,1,2025-09-25 18:53:42
101004,101,面包板（WiFi） ESP32 DevKit,bread-compact-esp32,面包板（WiFi） ESP32 DevKit,4,1,2025-09-25 18:53:42,1,2025-09-25 18:53:42
101005,101,面包板（WiFi+ LCD） ESP32 DevKit,bread-compact-esp32-lcd,面包板（WiFi+ LCD） ESP32 DevKit,5,1,2025-09-25 18:53:42,1,2025-09-25 18:53:42
101006,101,DFRobot 行空板 k10,df-k10,DFRobot 行空板 k10,6,1,2025-09-25 18:53:42,1,2025-09-25 18:53:42
101007,101,ESP32 CGC,esp32-cgc,ESP32 CGC,7,1,2025-09-25 18:53:42,1,2025-09-25 18:53:42
101008,101,ESP BOX 3,esp-box-3,ESP BOX 3,8,1,2025-09-25 18:53:42,1,2025-09-25 18:53:42
101009,101,ESP BOX,esp-box,ESP BOX,9,1,2025-09-25 18:53:42,1,2025-09-25 18:53:42
101010,101,ESP BOX Lite,esp-box-lite,ESP BOX Lite,10,1,2025-09-25 18:53:42,1,2025-09-25 18:53:42
101011,101,Kevin Box 1,kevin-box-1,Kevin Box 1,11,1,2025-09-25 18:53:42,1,2025-09-25 18:53:42
101012,101,Kevin Box 2,kevin-box-2,Kevin Box 2,12,1,2025-09-25 18:53:42,1,2025-09-25 18:53:42
101013,101,Kevin C3,kevin-c3,Kevin C3,13,1,2025-09-25 18:53:42,1,2025-09-25 18:53:42
101014,101,Kevin SP V3开发板,kevin-sp-v3-dev,Kevin SP V3开发板,14,1,2025-09-25 18:53:42,1,2025-09-25 18:53:42
101015,101,Kevin SP V4开发板,kevin-sp-v4-dev,Kevin SP V4开发板,15,1,2025-09-25 18:53:42,1,2025-09-25 18:53:42
101016,101,鱼鹰科技3.13LCD开发板,kevin-yuying-313lcd,鱼鹰科技3.13LCD开发板,16,1,2025-09-25 18:53:42,1,2025-09-25 18:53:42
101017,101,立创·实战派ESP32-S3开发板,lichuang-dev,立创·实战派ESP32-S3开发板,17,1,2025-09-25 18:53:42,1,2025-09-25 18:53:42
101018,101,立创·实战派ESP32-C3开发板,lichuang-c3-dev,立创·实战派ESP32-C3开发板,18,1,2025-09-25 18:53:42,1,2025-09-25 18:53:42
101019,101,神奇按钮 Magiclick_2.4,magiclick-2p4,神奇按钮 Magiclick_2.4,19,1,2025-09-25 18:53:42,1,2025-09-25 18:53:42
101020,101,神奇按钮 Magiclick_2.5,magiclick-2p5,神奇按钮 Magiclick_2.5,20,1,2025-09-25 18:53:42,1,2025-09-25 18:53:42
101021,101,神奇按钮 Magiclick_C3,magiclick-c3,神奇按钮 Magiclick_C3,21,1,2025-09-25 18:53:42,1,2025-09-25 18:53:42
101022,101,神奇按钮 Magiclick_C3_v2,magiclick-c3-v2,神奇按钮 Magiclick_C3_v2,22,1,2025-09-25 18:53:42,1,2025-09-25 18:53:42
101023,101,M5Stack CoreS3,m5stack-core-s3,M5Stack CoreS3,23,1,2025-09-25 18:53:42,1,2025-09-25 18:53:42
101024,101,AtomS3 + Echo Base,atoms3-echo-base,AtomS3 + Echo Base,24,1,2025-09-25 18:53:42,1,2025-09-25 18:53:42
101025,101,AtomS3R + Echo Base,atoms3r-echo-base,AtomS3R + Echo Base,25,1,2025-09-25 18:53:42,1,2025-09-25 18:53:42
101026,101,AtomS3R CAM/M12 + Echo Base,atoms3r-cam-m12-echo-base,AtomS3R CAM/M12 + Echo Base,26,1,2025-09-25 18:53:42,1,2025-09-25 18:53:42
101027,101,AtomMatrix + Echo Base,atommatrix-echo-base,AtomMatrix + Echo Base,27,1,2025-09-25 18:53:42,1,2025-09-25 18:53:42
101028,101,虾哥 Mini C3,xmini-c3,虾哥 Mini C3,28,1,2025-09-25 18:53:42,1,2025-09-25 18:53:42
101029,101,ESP32S3_KORVO2_V3开发板,esp32s3-korvo2-v3,ESP32S3_KORVO2_V3开发板,29,1,2025-09-25 18:53:42,1,2025-09-25 18:53:42
101030,101,ESP-SparkBot开发板,esp-sparkbot,ESP-SparkBot开发板,30,1,2025-09-25 18:53:42,1,2025-09-25 18:53:42
101031,101,ESP-Spot-S3,esp-spot-s3,ESP-Spot-S3,31,1,2025-09-25 18:53:42,1,2025-09-25 18:53:42
101032,101,Waveshare ESP32-S3-Touch-AMOLED-1.8,esp32-s3-touch-amoled-1.8,Waveshare ESP32-S3-Touch-AMOLED-1.8,32,1,2025-09-25 18:53:42,1,2025-09-25 18:53:42
101033,101,Waveshare ESP32-S3-Touch-LCD-1.85C,esp32-s3-touch-lcd-1.85c,Waveshare ESP32-S3-Touch-LCD-1.85C,33,1,2025-09-25 18:53:42,1,2025-09-25 18:53:42
101034,101,Waveshare ESP32-S3-Touch-LCD-1.85,esp32-s3-touch-lcd-1.85,Waveshare ESP32-S3-Touch-LCD-1.85,34,1,2025-09-25 18:53:42,1,2025-09-25 18:53:42
101035,101,Waveshare ESP32-S3-Touch-LCD-1.46,esp32-s3-touch-lcd-1.46,Waveshare ESP32-S3-Touch-LCD-1.46,35,1,2025-09-25 18:53:42,1,2025-09-25 18:53:42
101036,101,Waveshare ESP32-S3-Touch-LCD-3.5,esp32-s3-touch-lcd-3.5,Waveshare ESP32-S3-Touch-LCD-3.5,36,1,2025-09-25 18:53:42,1,2025-09-25 18:53:42
101037,101,土豆子,tudouzi,土豆子,37,1,2025-09-25 18:53:42,1,2025-09-25 18:53:42
101038,101,LILYGO T-Circle-S3,lilygo-t-circle-s3,LILYGO T-Circle-S3,38,1,2025-09-25 18:53:42,1,2025-09-25 18:53:42
101039,101,LILYGO T-CameraPlus-S3,lilygo-t-cameraplus-s3,LILYGO T-CameraPlus-S3,39,1,2025-09-25 18:53:42,1,2025-09-25 18:53:42
101040,101,Movecall Moji 小智AI衍生版,movecall-moji-esp32s3,Movecall Moji 小智AI衍生版,40,1,2025-09-25 18:53:42,1,2025-09-25 18:53:42
101041,101,Movecall CuiCan 璀璨·AI吊坠,movecall-cuican-esp32s3,Movecall CuiCan 璀璨·AI吊坠,41,1,2025-09-25 18:53:42,1,2025-09-25 18:53:42
101042,101,正点原子DNESP32S3开发板,atk-dnesp32s3,正点原子DNESP32S3开发板,42,1,2025-09-25 18:53:42,1,2025-09-25 18:53:42
101043,101,正点原子DNESP32S3-BOX,atk-dnesp32s3-box,正点原子DNESP32S3-BOX,43,1,2025-09-25 18:53:42,1,2025-09-25 18:53:42
101044,101,嘟嘟开发板CHATX(wifi),du-chatx,嘟嘟开发板CHATX(wifi),44,1,2025-09-25 18:53:42,1,2025-09-25 18:53:42
101045,101,太极小派esp32s3,taiji-pi-s3,太极小派esp32s3,45,1,2025-09-25 18:53:42,1,2025-09-25 18:53:42
101046,101,无名科技星智0.85(WIFI),xingzhi-cube-0.85tft-wifi,无名科技星智0.85(WIFI),46,1,2025-09-25 18:53:42,1,2025-09-25 18:53:42
101047,101,无名科技星智0.85(ML307),xingzhi-cube-0.85tft-ml307,无名科技星智0.85(ML307),47,1,2025-09-25 18:53:42,1,2025-09-25 18:53:42
101048,101,无名科技星智0.96(WIFI),xingzhi-cube-0.96oled-wifi,无名科技星智0.96(WIFI),48,1,2025-09-25 18:53:42,1,2025-09-25 18:53:42
101049,101,无名科技星智0.96(ML307),xingzhi-cube-0.96oled-ml307,无名科技星智0.96(ML307),49,1,2025-09-25 18:53:42,1,2025-09-25 18:53:42
101050,101,无名科技星智1.54(WIFI),xingzhi-cube-1.54tft-wifi,无名科技星智1.54(WIFI),50,1,2025-09-25 18:53:42,1,2025-09-25 18:53:42
101051,101,无名科技星智1.54(ML307),xingzhi-cube-1.54tft-ml307,无名科技星智1.54(ML307),51,1,2025-09-25 18:53:42,1,2025-09-25 18:53:42
101052,101,SenseCAP Watcher,sensecap-watcher,SenseCAP Watcher,52,1,2025-09-25 18:53:42,1,2025-09-25 18:53:42
101053,101,四博智联AI陪伴盒子,doit-s3-aibox,四博智联AI陪伴盒子,53,1,2025-09-25 18:53:42,1,2025-09-25 18:53:42
101054,101,元控·青春,mixgo-nova,元控·青春,54,1,2025-09-25 18:53:42,1,2025-09-25 18:53:42
102001,102,中国大陆,+86,中国大陆,1,1,2025-09-25 18:53:42,1,2025-09-25 18:53:42
102002,102,中国香港,+852,中国香港,2,1,2025-09-25 18:53:42,1,2025-09-25 18:53:42
102003,102,中国澳门,+853,中国澳门,3,1,2025-09-25 18:53:42,1,2025-09-25 18:53:42
102004,102,中国台湾,+886,中国台湾,4,1,2025-09-25 18:53:42,1,2025-09-25 18:53:42
102005,102,美国/加拿大,+1,美国/加拿大,5,1,2025-09-25 18:53:42,1,2025-09-25 18:53:42
102006,102,英国,+44,英国,6,1,2025-09-25 18:53:42,1,2025-09-25 18:53:42
102007,102,法国,+33,法国,7,1,2025-09-25 18:53:42,1,2025-09-25 18:53:42
102008,102,意大利,+39,意大利,8,1,2025-09-25 18:53:42,1,2025-09-25 18:53:42
102009,102,德国,+49,德国,9,1,2025-09-25 18:53:42,1,2025-09-25 18:53:42
102010,102,波兰,+48,波兰,10,1,2025-09-25 18:53:42,1,2025-09-25 18:53:42
102011,102,瑞士,+41,瑞士,11,1,2025-09-25 18:53:42,1,2025-09-25 18:53:42
102012,102,西班牙,+34,西班牙,12,1,2025-09-25 18:53:42,1,2025-09-25 18:53:42
102013,102,丹麦,+45,丹麦,13,1,2025-09-25 18:53:42,1,2025-09-25 18:53:42
102014,102,马来西亚,+60,马来西亚,14,1,2025-09-25 18:53:42,1,2025-09-25 18:53:42
102015,102,澳大利亚,+61,澳大利亚,15,1,2025-09-25 18:53:42,1,2025-09-25 18:53:42
102016,102,印度尼西亚,+62,印度尼西亚,16,1,2025-09-25 18:53:42,1,2025-09-25 18:53:42
102017,102,菲律宾,+63,菲律宾,17,1,2025-09-25 18:53:42,1,2025-09-25 18:53:42
102018,102,新西兰,+64,新西兰,18,1,2025-09-25 18:53:42,1,2025-09-25 18:53:42
102019,102,新加坡,+65,新加坡,19,1,2025-09-25 18:53:42,1,2025-09-25 18:53:42
102020,102,泰国,+66,泰国,20,1,2025-09-25 18:53:42,1,2025-09-25 18:53:42
102021,102,日本,+81,日本,21,1,2025-09-25 18:53:42,1,2025-09-25 18:53:42
102022,102,韩国,+82,韩国,22,1,2025-09-25 18:53:42,1,2025-09-25 18:53:42
102023,102,越南,+84,越南,23,1,2025-09-25 18:53:42,1,2025-09-25 18:53:42
102024,102,印度,+91,印度,24,1,2025-09-25 18:53:42,1,2025-09-25 18:53:42
102025,102,巴基斯坦,+92,巴基斯坦,25,1,2025-09-25 18:53:42,1,2025-09-25 18:53:42
102026,102,尼日利亚,+234,尼日利亚,26,1,2025-09-25 18:53:42,1,2025-09-25 18:53:42
102027,102,孟加拉国,+880,孟加拉国,27,1,2025-09-25 18:53:42,1,2025-09-25 18:53:42
102028,102,沙特阿拉伯,+966,沙特阿拉伯,28,1,2025-09-25 18:53:42,1,2025-09-25 18:53:42
102029,102,阿联酋,+971,阿联酋,29,1,2025-09-25 18:53:42,1,2025-09-25 18:53:42
102030,102,巴西,+55,巴西,30,1,2025-09-25 18:53:42,1,2025-09-25 18:53:42
102031,102,墨西哥,+52,墨西哥,31,1,2025-09-25 18:53:42,1,2025-09-25 18:53:42
102032,102,智利,+56,智利,32,1,2025-09-25 18:53:42,1,2025-09-25 18:53:42
102033,102,阿根廷,+54,阿根廷,33,1,2025-09-25 18:53:42,1,2025-09-25 18:53:42
102034,102,埃及,+20,埃及,34,1,2025-09-25 18:53:42,1,2025-09-25 18:53:42
102035,102,南非,+27,南非,35,1,2025-09-25 18:53:42,1,2025-09-25 18:53:42
102036,102,肯尼亚,+254,肯尼亚,36,1,2025-09-25 18:53:42,1,2025-09-25 18:53:42
102037,102,坦桑尼亚,+255,坦桑尼亚,37,1,2025-09-25 18:53:42,1,2025-09-25 18:53:42
102038,102,哈萨克斯坦,+7,哈萨克斯坦,38,1,2025-09-25 18:53:42,1,2025-09-25 18:53:42
